UserID,Name,Team,VideoWatched,DateWatched,WatchTime,Feedback
101,John Doe,Team A,Video 1,1/5/2026,45,
102,jane smith,team a,Video 2,1/7/2026,30 mins,
103,Mike Johnson,Team B,Video 3,7/1/2026,,Good
104,Emily Davis,Team B,Video 1,1/8/2026,60,excellent
105,Chris Lee,Team C,Video 4,2026-13-01,50,N/A
106,Anna Kim,Team C,Video 2,1/9/2026,-20,ok
107,Robert Brown,Team A,Video 3,Jan 10 2026,40, 
108,Laura Wilson,,Video 5,1/11/2026,35,Good
109,David Clark,Team D,Video 1,1/12/2026,forty,bad
110,Sophia Martinez,Team D,Video 2,1/12/2026,25,Good
111,James Anderson,Team A,,1/13/2026,30,Average
112,Olivia Thomas,Team B,Video 6,1/14/2026,,Excellent
